-- MySQL Script generated by MySQL Workbench
-- Thu Feb 20 15:55:05 2020
-- Model: New Model    Version: 1.0
-- MySQL Workbench Forward Engineering

SET @OLD_UNIQUE_CHECKS=@@UNIQUE_CHECKS, UNIQUE_CHECKS=0;
SET @OLD_FOREIGN_KEY_CHECKS=@@FOREIGN_KEY_CHECKS, FOREIGN_KEY_CHECKS=0;
SET @OLD_SQL_MODE=@@SQL_MODE, SQL_MODE='ONLY_FULL_GROUP_BY,STRICT_TRANS_TABLES,NO_ZERO_IN_DATE,NO_ZERO_DATE,ERROR_FOR_DIVISION_BY_ZERO,NO_ENGINE_SUBSTITUTION';

-- -----------------------------------------------------
-- Schema jj19v
-- -----------------------------------------------------
DROP SCHEMA IF EXISTS `jj19v` ;

-- -----------------------------------------------------
-- Schema jj19v
-- -----------------------------------------------------
CREATE SCHEMA IF NOT EXISTS `jj19v` DEFAULT CHARACTER SET utf8 ;
SHOW WARNINGS;
USE `jj19v` ;

-- -----------------------------------------------------
-- Table `jj19v`.`petstore`
-- -----------------------------------------------------
DROP TABLE IF EXISTS `jj19v`.`petstore` ;

SHOW WARNINGS;
CREATE TABLE IF NOT EXISTS `jj19v`.`petstore` (
  `pst_id` SMALLINT UNSIGNED NOT NULL AUTO_INCREMENT,
  `pst_name` VARCHAR(30) NOT NULL,
  `pst_street` VARCHAR(30) NOT NULL,
  `pst_city` VARCHAR(30) NOT NULL,
  `pst_state` VARCHAR(2) NOT NULL,
  `pst_zip` INT(9) NOT NULL,
  `pst_phone` BIGINT NOT NULL,
  `pst_email` VARCHAR(100) NOT NULL,
  `pst_url` VARCHAR(100) NOT NULL,
  `pst_ytd` DECIMAL(10,2) NOT NULL,
  `pst_notes` VARCHAR(255) NULL,
  PRIMARY KEY (`pst_id`))
ENGINE = InnoDB;

SHOW WARNINGS;

-- -----------------------------------------------------
-- Table `jj19v`.`customer`
-- -----------------------------------------------------
DROP TABLE IF EXISTS `jj19v`.`customer` ;

SHOW WARNINGS;
CREATE TABLE IF NOT EXISTS `jj19v`.`customer` (
  `cus_id` SMALLINT UNSIGNED NOT NULL AUTO_INCREMENT,
  `cus_fname` VARCHAR(15) NOT NULL,
  `cus_lname` VARCHAR(30) NOT NULL,
  `cus_street` VARCHAR(30) NOT NULL,
  `cus_city` VARCHAR(30) NOT NULL,
  `cus_state` CHAR(2) NOT NULL,
  `cus_zip` INT NOT NULL,
  `cus_phone` BIGINT NOT NULL,
  `cus_email` VARCHAR(100) NOT NULL,
  `cus_balance` DECIMAL(6,2) NOT NULL,
  `cus_total_sales` DECIMAL(6,2) NOT NULL,
  `cus_notes` VARCHAR(255) NULL,
  PRIMARY KEY (`cus_id`))
ENGINE = InnoDB;

SHOW WARNINGS;

-- -----------------------------------------------------
-- Table `jj19v`.`pet`
-- -----------------------------------------------------
DROP TABLE IF EXISTS `jj19v`.`pet` ;

SHOW WARNINGS;
CREATE TABLE IF NOT EXISTS `jj19v`.`pet` (
  `pet_id` SMALLINT UNSIGNED NOT NULL AUTO_INCREMENT,
  `pst_id` SMALLINT UNSIGNED NOT NULL,
  `cus_id` SMALLINT UNSIGNED NULL,
  `pet_type` VARCHAR(45) NOT NULL,
  `pet_sex` ENUM('m', 'f') NOT NULL,
  `pet_cost` DECIMAL(6,2) NOT NULL,
  `pet_price` DECIMAL(6,2) NOT NULL,
  `pet_age` TINYINT NOT NULL,
  `pet_color` VARCHAR(30) NOT NULL,
  `pet_sale_date` DATE NOT NULL,
  `pet_vaccine` ENUM('y', 'n') NOT NULL,
  `pet_neuter` ENUM('y', 'n') NOT NULL,
  `pet_notes` VARCHAR(255) NULL,
  PRIMARY KEY (`pet_id`),
  INDEX `fk_pet_petstore_idx` (`pst_id` ASC) VISIBLE,
  INDEX `fk_pet_customer1_idx` (`cus_id` ASC) VISIBLE,
  CONSTRAINT `fk_pet_petstore`
    FOREIGN KEY (`pst_id`)
    REFERENCES `jj19v`.`petstore` (`pst_id`)
    ON DELETE CASCADE
    ON UPDATE CASCADE,
  CONSTRAINT `fk_pet_customer1`
    FOREIGN KEY (`cus_id`)
    REFERENCES `jj19v`.`customer` (`cus_id`)
    ON DELETE SET NULL
    ON UPDATE CASCADE)
ENGINE = InnoDB;

SHOW WARNINGS;

SET SQL_MODE=@OLD_SQL_MODE;
SET FOREIGN_KEY_CHECKS=@OLD_FOREIGN_KEY_CHECKS;
SET UNIQUE_CHECKS=@OLD_UNIQUE_CHECKS;

-- -----------------------------------------------------
-- Data for table `jj19v`.`petstore`
-- -----------------------------------------------------
START TRANSACTION;
USE `jj19v`;
INSERT INTO `jj19v`.`petstore` (`pst_id`, `pst_name`, `pst_street`, `pst_city`, `pst_state`, `pst_zip`, `pst_phone`, `pst_email`, `pst_url`, `pst_ytd`, `pst_notes`) VALUES (1, 'Pet Land', '3562 Limpona Dr', 'San Diego', 'CA', 61462, 6346247930, 'petstore@gmail.com', 'petstore.com', 1.3, NULL);
INSERT INTO `jj19v`.`petstore` (`pst_id`, `pst_name`, `pst_street`, `pst_city`, `pst_state`, `pst_zip`, `pst_phone`, `pst_email`, `pst_url`, `pst_ytd`, `pst_notes`) VALUES (2, 'Paw Season', '87 Livingston St', 'Lithonia', 'GA', 30038, 7467846789, 'pawseason@gmail.com', 'pawseason.com', 4.17, NULL);
INSERT INTO `jj19v`.`petstore` (`pst_id`, `pst_name`, `pst_street`, `pst_city`, `pst_state`, `pst_zip`, `pst_phone`, `pst_email`, `pst_url`, `pst_ytd`, `pst_notes`) VALUES (3, 'Fur Get Me Not', '8 North St', 'Delray Beach', 'FL', 33445, 2457684652, 'furgetmenot@gmail.com', 'furgetmenot.com', 6.13, NULL);
INSERT INTO `jj19v`.`petstore` (`pst_id`, `pst_name`, `pst_street`, `pst_city`, `pst_state`, `pst_zip`, `pst_phone`, `pst_email`, `pst_url`, `pst_ytd`, `pst_notes`) VALUES (4, 'Meows The Time', '106 East Main Ln', 'Ocoee', 'FL', 34761, 7345212361, 'meowsthetime@gmail.com', 'meowsthetime.com', 1.8, NULL);
INSERT INTO `jj19v`.`petstore` (`pst_id`, `pst_name`, `pst_street`, `pst_city`, `pst_state`, `pst_zip`, `pst_phone`, `pst_email`, `pst_url`, `pst_ytd`, `pst_notes`) VALUES (5, 'Wag Time', '956 Talbot St', 'Yuma', 'AZ', 85365, 935823643, 'wagtime@gmail.com', 'wagtime.com', 5.20, NULL);
INSERT INTO `jj19v`.`petstore` (`pst_id`, `pst_name`, `pst_street`, `pst_city`, `pst_state`, `pst_zip`, `pst_phone`, `pst_email`, `pst_url`, `pst_ytd`, `pst_notes`) VALUES (6, 'Release the Hounds', '7665 Carson St', 'Janesville', 'WI', 53546, 2361486535, 'releasethehounds@gmail.com', 'releasethehounds.com', 6.2, NULL);
INSERT INTO `jj19v`.`petstore` (`pst_id`, `pst_name`, `pst_street`, `pst_city`, `pst_state`, `pst_zip`, `pst_phone`, `pst_email`, `pst_url`, `pst_ytd`, `pst_notes`) VALUES (7, 'Critter Companions', '433 West Warron Ave', 'Shelbyville', 'TN', 37116, 5832467356, 'crittercompanions@gmail.com', 'crittercompanions.com', 4.20, NULL);
INSERT INTO `jj19v`.`petstore` (`pst_id`, `pst_name`, `pst_street`, `pst_city`, `pst_state`, `pst_zip`, `pst_phone`, `pst_email`, `pst_url`, `pst_ytd`, `pst_notes`) VALUES (8, 'Ruff It Up', '23969 Palmer Gulch Rd', 'Hill City', 'ND', 62345, 3246824724, 'ruffitup@gmail.com', 'ruffitup.com', 2.10, NULL);
INSERT INTO `jj19v`.`petstore` (`pst_id`, `pst_name`, `pst_street`, `pst_city`, `pst_state`, `pst_zip`, `pst_phone`, `pst_email`, `pst_url`, `pst_ytd`, `pst_notes`) VALUES (9, 'Barker Shop', '356 B Old Stone Hwy', 'East Hampton ', 'NY', 24723, 8136345724, 'barkershop@gmail.com', 'barkershop.com', 4.17, NULL);
INSERT INTO `jj19v`.`petstore` (`pst_id`, `pst_name`, `pst_street`, `pst_city`, `pst_state`, `pst_zip`, `pst_phone`, `pst_email`, `pst_url`, `pst_ytd`, `pst_notes`) VALUES (10, 'Happy Paws', 'Roselle Ave', 'Hawthorne', 'CA', 72443, 1273456345, 'happypaws@gmail.com', 'happypaws.com', 7.13, NULL);

COMMIT;


-- -----------------------------------------------------
-- Data for table `jj19v`.`customer`
-- -----------------------------------------------------
START TRANSACTION;
USE `jj19v`;
INSERT INTO `jj19v`.`customer` (`cus_id`, `cus_fname`, `cus_lname`, `cus_street`, `cus_city`, `cus_state`, `cus_zip`, `cus_phone`, `cus_email`, `cus_balance`, `cus_total_sales`, `cus_notes`) VALUES (1, 'Holly', 'Jenkins', '3624 Toucan St', 'Tallahassee', 'FL', 32317, 8503519612, 'hollyj@gmail.com', 100.00, 1000.00, NULL);
INSERT INTO `jj19v`.`customer` (`cus_id`, `cus_fname`, `cus_lname`, `cus_street`, `cus_city`, `cus_state`, `cus_zip`, `cus_phone`, `cus_email`, `cus_balance`, `cus_total_sales`, `cus_notes`) VALUES (2, 'Wendy', 'Yo', '9356 Matlock Ln', 'Charlotte', 'NC', 46242, 2106461351, 'improv@sbcglobal.net', 213.35, 563.44, NULL);
INSERT INTO `jj19v`.`customer` (`cus_id`, `cus_fname`, `cus_lname`, `cus_street`, `cus_city`, `cus_state`, `cus_zip`, `cus_phone`, `cus_email`, `cus_balance`, `cus_total_sales`, `cus_notes`) VALUES (3, 'Kelsea', 'Allman', '5284 Bakery Ct', 'Tulsa', 'CA', 73563, 6241634463, 'kaiser@sbcglobal.net', 452.84, 6355.42, NULL);
INSERT INTO `jj19v`.`customer` (`cus_id`, `cus_fname`, `cus_lname`, `cus_street`, `cus_city`, `cus_state`, `cus_zip`, `cus_phone`, `cus_email`, `cus_balance`, `cus_total_sales`, `cus_notes`) VALUES (4, 'Nakita ', 'Griffith', '8273 Fairview Fields St', 'San Jose', 'CA', 24573, 5846245243, 'jugalator@icloud.com', 135.73, 452.72, NULL);
INSERT INTO `jj19v`.`customer` (`cus_id`, `cus_fname`, `cus_lname`, `cus_street`, `cus_city`, `cus_state`, `cus_zip`, `cus_phone`, `cus_email`, `cus_balance`, `cus_total_sales`, `cus_notes`) VALUES (5, 'Jordyn', 'Mason', '3163 Mallory Ct', 'North Hempstead', 'NY', 24753, 7345624524, 'breegster@icloud.com', 245.72, 4782.72, NULL);
INSERT INTO `jj19v`.`customer` (`cus_id`, `cus_fname`, `cus_lname`, `cus_street`, `cus_city`, `cus_state`, `cus_zip`, `cus_phone`, `cus_email`, `cus_balance`, `cus_total_sales`, `cus_notes`) VALUES (6, 'Finnley', 'Hughes', '3157 Beverley Way Ln', 'Lubbock', 'TX', 24573, 4628245226, 'jsnover@optonline.net', 145.83, 502.62, NULL);
INSERT INTO `jj19v`.`customer` (`cus_id`, `cus_fname`, `cus_lname`, `cus_street`, `cus_city`, `cus_state`, `cus_zip`, `cus_phone`, `cus_email`, `cus_balance`, `cus_total_sales`, `cus_notes`) VALUES (7, 'Lyla', 'Busby', '1062 Craigthornhill Way', 'Wichita', 'KA', 12845, 4677325745, 'reziac@yahoo.ca', 345.82, 792.23, NULL);
INSERT INTO `jj19v`.`customer` (`cus_id`, `cus_fname`, `cus_lname`, `cus_street`, `cus_city`, `cus_state`, `cus_zip`, `cus_phone`, `cus_email`, `cus_balance`, `cus_total_sales`, `cus_notes`) VALUES (8, 'Fahad', 'Keith', '2702 Legion St', 'Long Beach', 'CA', 98432, 7356245662, 'codex@me.com', 434.45, 720.43, NULL);
INSERT INTO `jj19v`.`customer` (`cus_id`, `cus_fname`, `cus_lname`, `cus_street`, `cus_city`, `cus_state`, `cus_zip`, `cus_phone`, `cus_email`, `cus_balance`, `cus_total_sales`, `cus_notes`) VALUES (9, 'Meera ', 'Chadwick', '8624 Charles Hollow St', 'Denver ', 'CO', 45272, 7245623452, 'flavell@hotmail.com', 134.46, 426.33, NULL);
INSERT INTO `jj19v`.`customer` (`cus_id`, `cus_fname`, `cus_lname`, `cus_street`, `cus_city`, `cus_state`, `cus_zip`, `cus_phone`, `cus_email`, `cus_balance`, `cus_total_sales`, `cus_notes`) VALUES (10, 'Zander', 'Mcdonald', '6246 School St', 'San Francisco', 'CA', 84925, 7342565724, 'yenya@icloud.com', 42.72, 472.43, NULL);

COMMIT;


-- -----------------------------------------------------
-- Data for table `jj19v`.`pet`
-- -----------------------------------------------------
START TRANSACTION;
USE `jj19v`;
INSERT INTO `jj19v`.`pet` (`pet_id`, `pst_id`, `cus_id`, `pet_type`, `pet_sex`, `pet_cost`, `pet_price`, `pet_age`, `pet_color`, `pet_sale_date`, `pet_vaccine`, `pet_neuter`, `pet_notes`) VALUES (1, 1, 1, 'cat', 'm', 300.00, 300.00, 2, 'blue', '2020/04/20', 'n', 'n', NULL);
INSERT INTO `jj19v`.`pet` (`pet_id`, `pst_id`, `cus_id`, `pet_type`, `pet_sex`, `pet_cost`, `pet_price`, `pet_age`, `pet_color`, `pet_sale_date`, `pet_vaccine`, `pet_neuter`, `pet_notes`) VALUES (2, 2, 2, 'dog', 'f', 247.52, 424.62, 3, 'green', '2020/08/07', 'y', 'y', NULL);
INSERT INTO `jj19v`.`pet` (`pet_id`, `pst_id`, `cus_id`, `pet_type`, `pet_sex`, `pet_cost`, `pet_price`, `pet_age`, `pet_color`, `pet_sale_date`, `pet_vaccine`, `pet_neuter`, `pet_notes`) VALUES (3, 3, 3, 'parrot', 'm', 452.72, 620.32, 4, 'grey', '2020/03/05', 'n', 'y', NULL);
INSERT INTO `jj19v`.`pet` (`pet_id`, `pst_id`, `cus_id`, `pet_type`, `pet_sex`, `pet_cost`, `pet_price`, `pet_age`, `pet_color`, `pet_sale_date`, `pet_vaccine`, `pet_neuter`, `pet_notes`) VALUES (4, 4, 4, 'cat', 'f', 236.72, 316.82, 2, 'beige', '2020/09/01', 'n', 'y', NULL);
INSERT INTO `jj19v`.`pet` (`pet_id`, `pst_id`, `cus_id`, `pet_type`, `pet_sex`, `pet_cost`, `pet_price`, `pet_age`, `pet_color`, `pet_sale_date`, `pet_vaccine`, `pet_neuter`, `pet_notes`) VALUES (5, 5, 5, 'cat', 'f', 161.35, 520.14, 7, 'white', '2020/10/20', 'y', 'n', NULL);
INSERT INTO `jj19v`.`pet` (`pet_id`, `pst_id`, `cus_id`, `pet_type`, `pet_sex`, `pet_cost`, `pet_price`, `pet_age`, `pet_color`, `pet_sale_date`, `pet_vaccine`, `pet_neuter`, `pet_notes`) VALUES (6, 6, 6, 'dog', 'm', 263.61, 624.72, 3, 'green ', '2020/01/03', 'n', 'y', NULL);
INSERT INTO `jj19v`.`pet` (`pet_id`, `pst_id`, `cus_id`, `pet_type`, `pet_sex`, `pet_cost`, `pet_price`, `pet_age`, `pet_color`, `pet_sale_date`, `pet_vaccine`, `pet_neuter`, `pet_notes`) VALUES (7, 7, 7, 'dog', 'f', 441.62, 632.83, 7, 'silver', '2020/05/16', 'n', 'n', NULL);
INSERT INTO `jj19v`.`pet` (`pet_id`, `pst_id`, `cus_id`, `pet_type`, `pet_sex`, `pet_cost`, `pet_price`, `pet_age`, `pet_color`, `pet_sale_date`, `pet_vaccine`, `pet_neuter`, `pet_notes`) VALUES (8, 8, 8, 'dog', 'm', 153.72, 402.46, 7, 'black', '2020/08/27', 'y', 'y', NULL);
INSERT INTO `jj19v`.`pet` (`pet_id`, `pst_id`, `cus_id`, `pet_type`, `pet_sex`, `pet_cost`, `pet_price`, `pet_age`, `pet_color`, `pet_sale_date`, `pet_vaccine`, `pet_neuter`, `pet_notes`) VALUES (9, 9, 9, 'turtle', 'f', 472.83, 620.72, 3, 'tan', '2020/09/02', 'n', 'y', NULL);
INSERT INTO `jj19v`.`pet` (`pet_id`, `pst_id`, `cus_id`, `pet_type`, `pet_sex`, `pet_cost`, `pet_price`, `pet_age`, `pet_color`, `pet_sale_date`, `pet_vaccine`, `pet_neuter`, `pet_notes`) VALUES (10, 10, 10, 'parakeet', 'f', 482.83, 938.24, 2, 'white', '2020/12/03', 'y', 'n', NULL);

COMMIT;

